{"cameraMode":{"drawMode":0,"name":"Shaded","section":"Shading Mode"},"sceneLighting":false,"audioPlay":false,"sceneViewState":{"showFog":true,"showMaterialUpdate":false,"showSkybox":false,"showFlares":true,"showImageEffects":true,"showParticleSystems":true},"in2DMode":false,"pivot":{"x":4.001334190368652,"y":-1.1729776859283448,"z":5.383105278015137},"rotation":{"x":0.5372917652130127,"y":-0.06940481811761856,"z":0.04442742094397545,"w":0.839360773563385},"size":1.3947272300720215,"orthographic":false}