{"cameraMode":{"drawMode":0,"name":"Shaded","section":"Shading Mode"},"sceneLighting":false,"audioPlay":false,"sceneViewState":{"showFog":true,"showMaterialUpdate":false,"showSkybox":false,"showFlares":true,"showImageEffects":true,"showParticleSystems":true},"in2DMode":false,"pivot":{"x":7.23286247253418,"y":0.7632511854171753,"z":3.097935676574707},"rotation":{"x":0.2946665585041046,"y":-0.680399477481842,"z":0.35034140944480898,"w":0.5722748041152954},"size":2.9316933155059816,"orthographic":true}