{"cameraMode":{"drawMode":0,"name":"Shaded","section":"Shading Mode"},"sceneLighting":true,"audioPlay":false,"sceneViewState":{"showFog":true,"showMaterialUpdate":false,"showSkybox":true,"showFlares":true,"showImageEffects":true,"showParticleSystems":true},"in2DMode":false,"pivot":{"x":13.20166015625,"y":17.83251953125,"z":-11.63671875},"rotation":{"x":0.2616133391857147,"y":-0.14696764945983888,"z":0.040342096239328387,"w":0.9530653357505798},"size":10.355728149414063,"orthographic":true}