{"cameraMode":{"drawMode":0,"name":"Shaded","section":"Shading Mode"},"sceneLighting":true,"audioPlay":false,"sceneViewState":{"showFog":true,"showMaterialUpdate":false,"showSkybox":true,"showFlares":true,"showImageEffects":true,"showParticleSystems":true},"in2DMode":false,"pivot":{"x":-0.5550775527954102,"y":-70.3114242553711,"z":29.84152603149414},"rotation":{"x":0.5466781854629517,"y":0.003768014255911112,"z":-0.002460063900798559,"w":0.837331235408783},"size":44.751922607421878,"orthographic":false}